{"eval_exact_match": 4.25531914893617, "eval_f1": 16.663289429246877}