{"eval_exact_match": 17.02127659574468, "eval_f1": 22.379408242987715}