{"eval_exact_match": 85.1063829787234, "eval_f1": 89.25531914893617}