{"eval_exact_match": 78.34437086092716, "eval_f1": 86.38825875187008}